{"average_tracking_time_sec": 0.007696458727221026, "average_detection_time_sec": 2.1767643231611986, "final_classification": {"class": "17_Mavic_Pro2", "confidence": 0.5668}}