{"average_tracking_time_sec": 0.007250924572896798, "average_detection_time_sec": 1.9880468111771803, "final_classification": {"class": "17_Mavic_Pro2", "confidence": 0.5668}}