{"average_tracking_time_sec": 0.005617612979085151, "average_detection_time_sec": 1.6855007868546705, "final_classification": {"class": "17_Mavic_Pro2", "confidence": 0.5668}}